Top queries,Clicks,Impressions,CTR,Position,Intent,AI Chat Prompt,Underlying Need
flood panels miami,0,68,0%,7.03,Local / Transactional,I'm in Miami and looking for the best flood barrier or panel solutions — which ones actually work and where can I buy them locally?,Customer wants local flood protection products or installation help.
flood prevention companies,0,34,0%,80.26,Transactional,Can you recommend reputable flood prevention companies that install home or business flood barriers?,Customer is ready to buy or hire a flood prevention service.
clearwater flood protection,0,28,0%,12.39,Local / Transactional,"What are the best flood protection systems or companies in Clearwater, Florida for homes near the water?",Customer wants local flood protection products or installation help.
flood gate houston,0,28,0%,61.29,Local / Transactional,Which flood gate systems are most effective for protecting homes in Houston from heavy rain and flash floods?,Customer wants local flood protection products or installation help.
clearwater beach flood protection,0,25,0%,11.12,Local / Transactional,"What are the best flood protection systems or companies in Clearwater, Florida for homes near the water?",Customer wants local flood protection products or installation help.
sarasota flood protection,0,24,0%,17.96,General Research,What are the top-rated flood protection options for coastal or hurricane-prone areas?,Customer is exploring options but not yet ready to purchase.
panels jensen beach,0,22,0%,28.27,Local / Transactional,I'm researching panels jensen beach — can you explain what it is and how it helps prevent flooding?,Customer wants local flood protection products or installation help.
demountable flood barriers advantages and disadvantages,0,13,0%,82.77,General Research,I'm researching demountable flood barriers advantages and disadvantages — can you explain what it is and how it helps prevent flooding?,Customer is exploring options but not yet ready to purchase.
custom flood panels,0,9,0%,35.44,General Research,What are flood panels and how do they compare to other types of flood protection systems for homes?,Customer is exploring options but not yet ready to purchase.
riviera beach flood protection,0,8,0%,11.88,Local / Transactional,What are the top-rated flood protection options for coastal or hurricane-prone areas?,Customer wants local flood protection products or installation help.
contractors install secondary water barriers sanford florida,0,6,0%,6.0,Transactional,I'm researching contractors install secondary water barriers sanford florida — can you explain what it is and how it helps prevent flooding?,Customer is ready to buy or hire a flood prevention service.
mitigation assistance installation near me,0,6,0%,22.0,Transactional,I'm researching mitigation assistance installation near me — can you explain what it is and how it helps prevent flooding?,Customer is ready to buy or hire a flood prevention service.
custom flood barriers,0,5,0%,37.4,General Research,I'm researching custom flood barriers — can you explain what it is and how it helps prevent flooding?,Customer is exploring options but not yet ready to purchase.
fema approved flood barriers,0,4,0%,8.75,General Research,I'm researching fema approved flood barriers — can you explain what it is and how it helps prevent flooding?,Customer is exploring options but not yet ready to purchase.
flood barriers lee county fl,0,4,0%,12.75,General Research,I'm researching flood barriers lee county fl — can you explain what it is and how it helps prevent flooding?,Customer is exploring options but not yet ready to purchase.
flood barriers charlotte county fl,0,4,0%,14.0,General Research,I'm researching flood barriers charlotte county fl — can you explain what it is and how it helps prevent flooding?,Customer is exploring options but not yet ready to purchase.
flood mitigation experts st. petersburg,0,4,0%,25.0,General Research,I'm researching flood mitigation experts st. petersburg — can you explain what it is and how it helps prevent flooding?,Customer is exploring options but not yet ready to purchase.
flood protection barriers clearwater fl,0,4,0%,35.5,Local / Transactional,"What are the best flood protection systems or companies in Clearwater, Florida for homes near the water?",Customer wants local flood protection products or installation help.
flood barriers north port fl,0,3,0%,5.0,General Research,I'm researching flood barriers north port fl — can you explain what it is and how it helps prevent flooding?,Customer is exploring options but not yet ready to purchase.
portable vs fixed barrier systems comparison,0,3,0%,6.33,General Research,I'm researching portable vs fixed barrier systems comparison — can you explain what it is and how it helps prevent flooding?,Customer is exploring options but not yet ready to purchase.
flood barriers naples fl,0,3,0%,40.33,General Research,I'm researching flood barriers naples fl — can you explain what it is and how it helps prevent flooding?,Customer is exploring options but not yet ready to purchase.
flood barriers near me,0,3,0%,41.67,General Research,I'm researching flood barriers near me — can you explain what it is and how it helps prevent flooding?,Customer is exploring options but not yet ready to purchase.
flood protection barriers madeira beach fl,0,3,0%,44.33,Local / Transactional,What are the top-rated flood protection options for coastal or hurricane-prone areas?,Customer wants local flood protection products or installation help.
storm flood barriers st petersburg fl,0,3,0%,47.33,General Research,I'm researching storm flood barriers st petersburg fl — can you explain what it is and how it helps prevent flooding?,Customer is exploring options but not yet ready to purchase.
flood barriers port charlotte fl,0,2,0%,12.5,General Research,I'm researching flood barriers port charlotte fl — can you explain what it is and how it helps prevent flooding?,Customer is exploring options but not yet ready to purchase.
flood barriers collier county fl,0,2,0%,16.5,General Research,I'm researching flood barriers collier county fl — can you explain what it is and how it helps prevent flooding?,Customer is exploring options but not yet ready to purchase.
"""rfp"" ""-garage""",0,2,0%,19.0,General Research,"I'm researching ""rfp"" ""-garage"" — can you explain what it is and how it helps prevent flooding?",Customer is exploring options but not yet ready to purchase.
flood protection services,0,2,0%,54.0,General Research,What are the top-rated flood protection options for coastal or hurricane-prone areas?,Customer is exploring options but not yet ready to purchase.
flood gates near me,0,1,0%,13.0,General Research,What's the difference between a flood gate and other flood control systems — and how much do they cost to install?,Customer is exploring options but not yet ready to purchase.
riviera beach storm protection,0,1,0%,27.0,Local / Transactional,What are the top-rated flood protection options for coastal or hurricane-prone areas?,Customer wants local flood protection products or installation help.
storm proofing pointe vedra beach fl,0,1,0%,28.0,Local / Transactional,I'm researching storm proofing pointe vedra beach fl — can you explain what it is and how it helps prevent flooding?,Customer wants local flood protection products or installation help.
clearwater beach storm protection,0,1,0%,30.0,Local / Transactional,"What are the best flood protection systems or companies in Clearwater, Florida for homes near the water?",Customer wants local flood protection products or installation help.
plantation light pole protection,0,1,0%,33.0,General Research,What are the top-rated flood protection options for coastal or hurricane-prone areas?,Customer is exploring options but not yet ready to purchase.
doordam,0,1,0%,43.0,General Research,I'm researching doordam — can you explain what it is and how it helps prevent flooding?,Customer is exploring options but not yet ready to purchase.
storm protection palatka fl,0,1,0%,45.0,General Research,What are the top-rated flood protection options for coastal or hurricane-prone areas?,Customer is exploring options but not yet ready to purchase.
storm protection fernandina beach fl,0,1,0%,48.0,Local / Transactional,What are the top-rated flood protection options for coastal or hurricane-prone areas?,Customer wants local flood protection products or installation help.
storm protection macclenny fl,0,1,0%,49.0,General Research,What are the top-rated flood protection options for coastal or hurricane-prone areas?,Customer is exploring options but not yet ready to purchase.
flood panels for doors,0,1,0%,50.0,General Research,What are flood panels and how do they compare to other types of flood protection systems for homes?,Customer is exploring options but not yet ready to purchase.
protective barriers llc,0,1,0%,68.0,General Research,I'm researching protective barriers llc — can you explain what it is and how it helps prevent flooding?,Customer is exploring options but not yet ready to purchase.
cocoaproperty management,0,1,0%,71.0,General Research,I'm researching cocoaproperty management — can you explain what it is and how it helps prevent flooding?,Customer is exploring options but not yet ready to purchase.
fema dry floodproofing requirements,0,1,0%,77.0,General Research,I'm researching fema dry floodproofing requirements — can you explain what it is and how it helps prevent flooding?,Customer is exploring options but not yet ready to purchase.
flooded house spring hill,0,1,0%,78.0,General Research,I'm researching flooded house spring hill — can you explain what it is and how it helps prevent flooding?,Customer is exploring options but not yet ready to purchase.
florida flood barriers,0,1,0%,88.0,General Research,I'm researching florida flood barriers — can you explain what it is and how it helps prevent flooding?,Customer is exploring options but not yet ready to purchase.
dry floodproofing fema,0,1,0%,92.0,General Research,I'm researching dry floodproofing fema — can you explain what it is and how it helps prevent flooding?,Customer is exploring options but not yet ready to purchase.
flood barrier near me,0,1,0%,93.0,General Research,I'm researching flood barrier near me — can you explain what it is and how it helps prevent flooding?,Customer is exploring options but not yet ready to purchase.
flood insurance quotes estero,0,1,0%,95.0,General Research,I'm researching flood insurance quotes estero — can you explain what it is and how it helps prevent flooding?,Customer is exploring options but not yet ready to purchase.
home flood prevention near me,0,1,0%,95.0,General Research,I'm researching home flood prevention near me — can you explain what it is and how it helps prevent flooding?,Customer is exploring options but not yet ready to purchase.
floodwater pros,0,1,0%,97.0,General Research,I'm researching floodwater pros — can you explain what it is and how it helps prevent flooding?,Customer is exploring options but not yet ready to purchase.
flood doors near me,0,1,0%,104.0,General Research,I'm researching flood doors near me — can you explain what it is and how it helps prevent flooding?,Customer is exploring options but not yet ready to purchase.
