City,Keyword,Intent,Product Match,Page Needed,Anchor Text,Mandatory Schema,Image Alt Pattern,Internal Links
Miami,flood panels miami,Transactional,Panels,City Page + Product Page,flood panels miami,Product+FAQ+HowTo,flood panels miami | aluminum hurricane panels,Hub>Panels>Miami
Sarasota,sarasota flood protection,Commercial,Barriers,City Page,flood protection sarasota,Service+FAQ,flood barriers sarasota | storm protection,Hub>Barriers>Sarasota
Hillsborough,flood barriers hillsborough,Commercial,Barriers,City Page,flood barriers hillsborough,Product+Service,flood barriers hillsborough | coastal surge,Hub>Barriers>Hillsborough
Fort Myers,flood panels fort myers,Transactional,Panels,City Page+Panels,flood panels fort myers,Product+FAQ,flood panels fort myers | aluminum panels,Hub>Panels>Fort Myers
Estero,flood insurance quotes estero,Informational,Insurance,FAQ Page,flood insurance estero,FAQPage+LocalBusiness,flood insurance estero | coastal zone AE,Hub>Insurance>Estero
Jensen Beach,panels jensen beach,Transactional,Panels,City Page+Panels,flood panels jensen beach,Product+Service,flood panels jensen beach | storm shields,Hub>Panels>Jensen Beach
Marco Island,flood barriers marco island,Commercial,Barriers,City Page,flood barriers marco island,Product+Service,flood barriers marco island | coastal protection,Hub>Barriers>Marco Island
Naples,flood protection naples,Commercial,Barriers,City Page,flood protection naples,Service+FAQ,flood protection naples | hurricane barriers,Hub>Barriers>Naples
Cape Coral,flood panels cape coral,Transactional,Panels,City Page+Panels,flood panels cape coral,Product+FAQ,flood panels cape coral | aluminum panels,Hub>Panels>Cape Coral
Bonita Springs,garage flood barriers bonita springs,Transactional,Garage,City Page+Garage,garage flood barriers bonita springs,Product+HowTo,garage flood barriers bonita springs | storm shields,Hub>Garage>Bonita Springs
Sanibel,flood barriers sanibel,High-Risk,Barriers,City Page,flood barriers sanibel,Product+Service+FAQ,flood barriers sanibel | barrier island protection,Hub>Barriers>Sanibel
Pine Island,flood protection pine island,Emergency,Barriers,City Page,flood protection pine island,Service+HowTo,flood protection pine island | emergency deployment,Hub>Barriers>Pine Island
Clearwater,flood panels clearwater,Transactional,Panels,City Page+Panels,flood panels clearwater,Product+FAQ,flood panels clearwater | beach protection,Hub>Panels>Clearwater
Tampa,flood barriers tampa,Commercial,Barriers,City Page,flood barriers tampa,Product+Service,flood barriers tampa | commercial systems,Hub>Barriers>Tampa
St Petersburg,flood protection st petersburg,Commercial,Barriers,City Page,flood protection st petersburg,Service+FAQ,flood protection st petersburg | coastal barriers,Hub>Barriers>St Petersburg
Orlando,flood panels orlando,Transactional,Panels,City Page+Panels,flood panels orlando,Product+FAQ,flood panels orlando | residential panels,Hub>Panels>Orlando
Jacksonville,flood barriers jacksonville,Commercial,Barriers,City Page,flood barriers jacksonville,Product+Service,flood barriers jacksonville | commercial barriers,Hub>Barriers>Jacksonville
Pembroke Pines,flood panels pembroke pines,Transactional,Panels,City Page+Panels,flood panels pembroke pines,Product+FAQ,flood panels pembroke pines | aluminum panels,Hub>Panels>Pembroke Pines
Hollywood,flood protection hollywood,Commercial,Barriers,City Page,flood protection hollywood,Service+FAQ,flood protection hollywood | coastal systems,Hub>Barriers>Hollywood
Miramar,garage flood barriers miramar,Transactional,Garage,City Page+Garage,garage flood barriers miramar,Product+HowTo,garage flood barriers miramar | residential shields,Hub>Garage>Miramar
Coral Springs,flood panels coral springs,Transactional,Panels,City Page+Panels,flood panels coral springs,Product+FAQ,flood panels coral springs | hurricane panels,Hub>Panels>Coral Springs
Pompano Beach,flood barriers pompano beach,Commercial,Barriers,City Page,flood barriers pompano beach,Product+Service,flood barriers pompano beach | beach protection,Hub>Barriers>Pompano Beach
Deerfield Beach,flood protection deerfield beach,Commercial,Barriers,City Page,flood protection deerfield beach,Service+FAQ,flood protection deerfield beach | coastal barriers,Hub>Barriers>Deerfield Beach
Boca Raton,flood panels boca raton,Transactional,Panels,City Page+Panels,flood panels boca raton,Product+FAQ,flood panels boca raton | luxury home protection,Hub>Panels>Boca Raton
Delray Beach,flood barriers delray beach,Commercial,Barriers,City Page,flood barriers delray beach,Product+Service,flood barriers delray beach | coastal systems,Hub>Barriers>Delray Beach
Boynton Beach,flood protection boynton beach,Commercial,Barriers,City Page,flood protection boynton beach,Service+FAQ,flood protection boynton beach | residential barriers,Hub>Barriers>Boynton Beach
West Palm Beach,flood panels west palm beach,Transactional,Panels,City Page+Panels,flood panels west palm beach,Product+FAQ,flood panels west palm beach | hurricane panels,Hub>Panels>West Palm Beach
Jupiter,flood barriers jupiter,Commercial,Barriers,City Page,flood barriers jupiter,Product+Service,flood barriers jupiter | coastal protection,Hub>Barriers>Jupiter
Palm Beach Gardens,flood protection palm beach gardens,Commercial,Barriers,City Page,flood protection palm beach gardens,Service+FAQ,flood protection palm beach gardens | luxury barriers,Hub>Barriers>Palm Beach Gardens
Stuart,flood panels stuart,Transactional,Panels,City Page+Panels,flood panels stuart,Product+FAQ,flood panels stuart | residential panels,Hub>Panels>Stuart
Port St Lucie,flood barriers port st lucie,Commercial,Barriers,City Page,flood barriers port st lucie,Product+Service,flood barriers port st lucie | commercial systems,Hub>Barriers>Port St Lucie
Vero Beach,flood protection vero beach,Commercial,Barriers,City Page,flood protection vero beach,Service+FAQ,flood protection vero beach | coastal barriers,Hub>Barriers>Vero Beach
Sebastian,flood panels sebastian,Transactional,Panels,City Page+Panels,flood panels sebastian,Product+FAQ,flood panels sebastian | residential panels,Hub>Panels>Sebastian
Melbourne,flood barriers melbourne,Commercial,Barriers,City Page,flood barriers melbourne,Product+Service,flood barriers melbourne | space coast protection,Hub>Barriers>Melbourne
Cocoa Beach,flood protection cocoa beach,Commercial,Barriers,City Page,flood protection cocoa beach,Service+FAQ,flood protection cocoa beach | beach barriers,Hub>Barriers>Cocoa Beach
Merritt Island,flood panels merritt island,Transactional,Panels,City Page+Panels,flood panels merritt island,Product+FAQ,flood panels merritt island | barrier island panels,Hub>Panels>Merritt Island
Titusville,flood barriers titusville,Commercial,Barriers,City Page,flood barriers titusville,Product+Service,flood barriers titusville | residential barriers,Hub>Barriers>Titusville
New Smyrna Beach,flood protection new smyrna beach,Commercial,Barriers,City Page,flood protection new smyrna beach,Service+FAQ,flood protection new smyrna beach | beach protection,Hub>Barriers>New Smyrna Beach
Daytona Beach,flood panels daytona beach,Transactional,Panels,City Page+Panels,flood panels daytona beach,Product+FAQ,flood panels daytona beach | coastal panels,Hub>Panels>Daytona Beach
Ormond Beach,flood barriers ormond beach,Commercial,Barriers,City Page,flood barriers ormond beach,Product+Service,flood barriers ormond beach | residential barriers,Hub>Barriers>Ormond Beach
Flagler Beach,flood protection flagler beach,Commercial,Barriers,City Page,flood protection flagler beach,Service+FAQ,flood protection flagler beach | coastal systems,Hub>Barriers>Flagler Beach
Palm Coast,flood panels palm coast,Transactional,Panels,City Page+Panels,flood panels palm coast,Product+FAQ,flood panels palm coast | residential panels,Hub>Panels>Palm Coast
St Augustine,flood barriers st augustine,Commercial,Barriers,City Page,flood barriers st augustine,Product+Service,flood barriers st augustine | historic city protection,Hub>Barriers>St Augustine
Fernandina Beach,flood protection fernandina beach,Commercial,Barriers,City Page,flood protection fernandina beach,Service+FAQ,flood protection fernandina beach | coastal barriers,Hub>Barriers>Fernandina Beach
Amelia Island,flood panels amelia island,Transactional,Panels,City Page+Panels,flood panels amelia island,Product+FAQ,flood panels amelia island | barrier island panels,Hub>Panels>Amelia Island
Pensacola,flood barriers pensacola,Commercial,Barriers,City Page,flood barriers pensacola,Product+Service,flood barriers pensacola | panhandle protection,Hub>Barriers>Pensacola
Destin,flood protection destin,Commercial,Barriers,City Page,flood protection destin,Service+FAQ,flood protection destin | emerald coast barriers,Hub>Barriers>Destin
Panama City,flood panels panama city,Transactional,Panels,City Page+Panels,flood panels panama city,Product+FAQ,flood panels panama city | coastal panels,Hub>Panels>Panama City
Panama City Beach,flood barriers panama city beach,Commercial,Barriers,City Page,flood barriers panama city beach,Product+Service,flood barriers panama city beach | beach barriers,Hub>Barriers>Panama City Beach
Apalachicola,flood protection apalachicola,Commercial,Barriers,City Page,flood protection apalachicola,Service+FAQ,flood protection apalachicola | historic protection,Hub>Barriers>Apalachicola
Tallahassee,flood panels tallahassee,Transactional,Panels,City Page+Panels,flood panels tallahassee,Product+FAQ,flood panels tallahassee | capital city panels,Hub>Panels>Tallahassee
Perry,flood barriers perry,Commercial,Barriers,City Page,flood barriers perry,Product+Service,flood barriers perry | rural protection,Hub>Barriers>Perry
Cedar Key,flood protection cedar key,Commercial,Barriers,City Page,flood protection cedar key,Service+FAQ,flood protection cedar key | island protection,Hub>Barriers>Cedar Key
Crystal River,flood panels crystal river,Transactional,Panels,City Page+Panels,flood panels crystal river,Product+FAQ,flood panels crystal river | coastal panels,Hub>Panels>Crystal River
Homosassa,flood barriers homosassa,Commercial,Barriers,City Page,flood barriers homosassa,Product+Service,flood barriers homosassa | residential barriers,Hub>Barriers>Homosassa
Hudson,flood protection hudson,Commercial,Barriers,City Page,flood protection hudson,Service+FAQ,flood protection hudson | coastal systems,Hub>Barriers>Hudson
New Port Richey,flood panels new port richey,Transactional,Panels,City Page+Panels,flood panels new port richey,Product+FAQ,flood panels new port richey | residential panels,Hub>Panels>New Port Richey
Tarpon Springs,flood barriers tarpon springs,Commercial,Barriers,City Page,flood barriers tarpon springs,Product+Service,flood barriers tarpon springs | coastal barriers,Hub>Barriers>Tarpon Springs
Safety Harbor,flood protection safety harbor,Commercial,Barriers,City Page,flood protection safety harbor,Service+FAQ,flood protection safety harbor | bay protection,Hub>Barriers>Safety Harbor
Dunedin,flood panels dunedin,Transactional,Panels,City Page+Panels,flood panels dunedin,Product+FAQ,flood panels dunedin | residential panels,Hub>Panels>Dunedin
Oldsmar,flood barriers oldsmar,Commercial,Barriers,City Page,flood barriers oldsmar,Product+Service,flood barriers oldsmar | commercial barriers,Hub>Barriers>Oldsmar
Largo,flood protection largo,Commercial,Barriers,City Page,flood protection largo,Service+FAQ,flood protection largo | residential systems,Hub>Barriers>Largo
Seminole,flood panels seminole,Transactional,Panels,City Page+Panels,flood panels seminole,Product+FAQ,flood panels seminole | residential panels,Hub>Panels>Seminole
Madeira Beach,flood barriers madeira beach,Commercial,Barriers,City Page,flood barriers madeira beach,Product+Service,flood barriers madeira beach | beach barriers,Hub>Barriers>Madeira Beach
Treasure Island,flood protection treasure island,Commercial,Barriers,City Page,flood protection treasure island,Service+FAQ,flood protection treasure island | barrier island protection,Hub>Barriers>Treasure Island
Indian Rocks Beach,flood panels indian rocks beach,Transactional,Panels,City Page+Panels,flood panels indian rocks beach,Product+FAQ,flood panels indian rocks beach | beach panels,Hub>Panels>Indian Rocks Beach
Redington Beach,flood barriers redington beach,Commercial,Barriers,City Page,flood barriers redington beach,Product+Service,flood barriers redington beach | coastal barriers,Hub>Barriers>Redington Beach
Indian Shores,flood protection indian shores,Commercial,Barriers,City Page,flood protection indian shores,Service+FAQ,flood protection indian shores | beach protection,Hub>Barriers>Indian Shores
Belleair Beach,flood panels belleair beach,Transactional,Panels,City Page+Panels,flood panels belleair beach,Product+FAQ,flood panels belleair beach | luxury panels,Hub>Panels>Belleair Beach
Belleair Bluffs,flood barriers belleair bluffs,Commercial,Barriers,City Page,flood barriers belleair bluffs,Product+Service,flood barriers belleair bluffs | residential barriers,Hub>Barriers>Belleair Bluffs
Belleair Shore,flood protection belleair shore,Commercial,Barriers,City Page,flood protection belleair shore,Service+FAQ,flood protection belleair shore | coastal systems,Hub>Barriers>Belleair Shore
Gulfport,flood panels gulfport,Transactional,Panels,City Page+Panels,flood panels gulfport,Product+FAQ,flood panels gulfport | residential panels,Hub>Panels>Gulfport
South Pasadena,flood barriers south pasadena,Commercial,Barriers,City Page,flood barriers south pasadena,Product+Service,flood barriers south pasadena | commercial barriers,Hub>Barriers>South Pasadena
St Pete Beach,flood protection st pete beach,Commercial,Barriers,City Page,flood protection st pete beach,Service+FAQ,flood protection st pete beach | beach barriers,Hub>Barriers>St Pete Beach
Tierra Verde,flood panels tierra verde,Transactional,Panels,City Page+Panels,flood panels tierra verde,Product+FAQ,flood panels tierra verde | island panels,Hub>Panels>Tierra Verde
Ruskin,flood barriers ruskin,Commercial,Barriers,City Page,flood barriers ruskin,Product+Service,flood barriers ruskin | residential barriers,Hub>Barriers>Ruskin
Apollo Beach,flood protection apollo beach,Commercial,Barriers,City Page,flood protection apollo beach,Service+FAQ,flood protection apollo beach | coastal protection,Hub>Barriers>Apollo Beach
Sun City Center,flood panels sun city center,Transactional,Panels,City Page+Panels,flood panels sun city center,Product+FAQ,flood panels sun city center | retirement community panels,Hub>Panels>Sun City Center
Wimauma,flood barriers wimauma,Commercial,Barriers,City Page,flood barriers wimauma,Product+Service,flood barriers wimauma | rural barriers,Hub>Barriers>Wimauma
Palmetto,flood protection palmetto,Commercial,Barriers,City Page,flood protection palmetto,Service+FAQ,flood protection palmetto | residential systems,Hub>Barriers>Palmetto
Bradenton,flood panels bradenton,Transactional,Panels,City Page+Panels,flood panels bradenton,Product+FAQ,flood panels bradenton | residential panels,Hub>Panels>Bradenton
Anna Maria,flood barriers anna maria,Commercial,Barriers,City Page,flood barriers anna maria,Product+Service,flood barriers anna maria | barrier island protection,Hub>Barriers>Anna Maria
Holmes Beach,flood protection holmes beach,Commercial,Barriers,City Page,flood protection holmes beach,Service+FAQ,flood protection holmes beach | beach barriers,Hub>Barriers>Holmes Beach
Longboat Key,flood panels longboat key,Transactional,Panels,City Page+Panels,flood panels longboat key,Product+FAQ,flood panels longboat key | luxury island panels,Hub>Panels>Longboat Key
Venice,flood barriers venice,Commercial,Barriers,City Page,flood barriers venice,Product+Service,flood barriers venice | coastal barriers,Hub>Barriers>Venice
Nokomis,flood protection nokomis,Commercial,Barriers,City Page,flood protection nokomis,Service+FAQ,flood protection nokomis | residential systems,Hub>Barriers>Nokomis
Osprey,flood panels osprey,Transactional,Panels,City Page+Panels,flood panels osprey,Product+FAQ,flood panels osprey | residential panels,Hub>Panels>Osprey
Englewood,flood barriers englewood,Commercial,Barriers,City Page,flood barriers englewood,Product+Service,flood barriers englewood | coastal barriers,Hub>Barriers>Englewood
Rotonda West,flood protection rotonda west,Commercial,Barriers,City Page,flood protection rotonda west,Service+FAQ,flood protection rotonda west | retirement community protection,Hub>Barriers>Rotonda West
Port Charlotte,flood panels port charlotte,Transactional,Panels,City Page+Panels,flood panels port charlotte,Product+FAQ,flood panels port charlotte | residential panels,Hub>Panels>Port Charlotte
Punta Gorda,flood barriers punta gorda,Commercial,Barriers,City Page,flood barriers punta gorda,Product+Service,flood barriers punta gorda | coastal barriers,Hub>Barriers>Punta Gorda
Bokeelia,flood protection bokeelia,Commercial,Barriers,City Page,flood protection bokeelia,Service+FAQ,flood protection bokeelia | island protection,Hub>Barriers>Bokeelia
St James City,flood panels st james city,Transactional,Panels,City Page+Panels,flood panels st james city,Product+FAQ,flood panels st james city | barrier island panels,Hub>Panels>St James City
Matlacha,flood barriers matlacha,Commercial,Barriers,City Page,flood barriers matlacha,Product+Service,flood barriers matlacha | coastal barriers,Hub>Barriers>Matlacha
Captiva,flood protection captiva,Commercial,Barriers,City Page,flood protection captiva,Service+FAQ,flood protection captiva | barrier island protection,Hub>Barriers>Captiva
Goodland,flood panels goodland,Transactional,Panels,City Page+Panels,flood panels goodland,Product+FAQ,flood panels goodland | island panels,Hub>Panels>Goodland
Everglades City,flood barriers everglades city,Commercial,Barriers,City Page,flood barriers everglades city,Product+Service,flood barriers everglades city | everglades protection,Hub>Barriers>Everglades City
Chokoloskee,flood protection chokoloskee,Commercial,Barriers,City Page,flood protection chokoloskee,Service+FAQ,flood protection chokoloskee | island protection,Hub>Barriers>Chokoloskee
Immokalee,flood panels immokalee,Transactional,Panels,City Page+Panels,flood panels immokalee,Product+FAQ,flood panels immokalee | rural panels,Hub>Panels>Immokalee
Ave Maria,flood barriers ave maria,Commercial,Barriers,City Page,flood barriers ave maria,Product+Service,flood barriers ave maria | planned community barriers,Hub>Barriers>Ave Maria
Golden Gate,flood protection golden gate,Commercial,Barriers,City Page,flood protection golden gate,Service+FAQ,flood protection golden gate | residential systems,Hub>Barriers>Golden Gate
North Naples,flood panels north naples,Transactional,Panels,City Page+Panels,flood panels north naples,Product+FAQ,flood panels north naples | luxury panels,Hub>Panels>North Naples
Vanderbilt Beach,flood barriers vanderbilt beach,Commercial,Barriers,City Page,flood barriers vanderbilt beach,Product+Service,flood barriers vanderbilt beach | beach barriers,Hub>Barriers>Vanderbilt Beach
Pelican Bay,flood protection pelican bay,Commercial,Barriers,City Page,flood protection pelican bay,Service+FAQ,flood protection pelican bay | luxury community protection,Hub>Barriers>Pelican Bay
Lely,flood panels lely,Transactional,Panels,City Page+Panels,flood panels lely,Product+FAQ,flood panels lely | retirement community panels,Hub>Panels>Lely
East Naples,flood barriers east naples,Commercial,Barriers,City Page,flood barriers east naples,Product+Service,flood barriers east naples | residential barriers,Hub>Barriers>East Naples
Naples Park,flood protection naples park,Commercial,Barriers,City Page,flood protection naples park,Service+FAQ,flood protection naples park | coastal systems,Hub>Barriers>Naples Park
Vineyards,flood panels vineyards,Transactional,Panels,City Page+Panels,flood panels vineyards,Product+FAQ,flood panels vineyards | planned community panels,Hub>Panels>Vineyards
Lehigh Acres,flood barriers lehigh acres,Commercial,Barriers,City Page,flood barriers lehigh acres,Product+Service,flood barriers lehigh acres | residential barriers,Hub>Barriers>Lehigh Acres
Alva,flood protection alva,Commercial,Barriers,City Page,flood protection alva,Service+FAQ,flood protection alva | rural protection,Hub>Barriers>Alva
LaBelle,flood panels labelle,Transactional,Panels,City Page+Panels,flood panels labelle,Product+FAQ,flood panels labelle | rural panels,Hub>Panels>LaBelle
Clewiston,flood barriers clewiston,Commercial,Barriers,City Page,flood barriers clewiston,Product+Service,flood barriers clewiston | lake protection,Hub>Barriers>Clewiston
Moore Haven,flood protection moore haven,Commercial,Barriers,City Page,flood protection moore haven,Service+FAQ,flood protection moore haven | lake okeechobee protection,Hub>Barriers>Moore Haven

