Query,Localized AI Chat Prompt,Intent,Pain Points Referenced,Underlying Need
flood panels miami,"I live in Miami, FL and I am looking at flood panels for my home. My last storm pushed water toward the garage and around the doors. I keep reading stories about insurance or code limits on dry floodproofing for residences, slab uplift or buoyancy forces in the garage, seal gaskets wearing out after a season, and drainage or sewer backflow during cloudbursts. Can you help me figure out the right panel system for this area, how to size it for the opening, how to make sure the threshold and side seals are done right, and what a real installer checklist should include so I do not make an expensive mistake? I also want to know realistic limits of these panels, when a perimeter barrier or sump system makes more sense, and the upkeep I should plan for each year.",Local Research,insurance or code limits on dry floodproofing for residences; slab uplift or buoyancy forces in the garage; seal gaskets wearing out after a season; drainage or sewer backflow during cloudbursts,Reliable flood protection choice with verified installation details and realistic expectations
flood prevention companies,"I live and I am looking at flood panels for my home. My last storm pushed water toward the garage and around the doors. I keep reading stories about deploy-time mistakes when storms arrive at night, corrosion in salty air near the beach, leaks under the threshold or at side jambs, and improper anchoring on pavers or weak concrete. Can you help me figure out the right panel system for this area, how to size it for the opening, how to make sure the threshold and side seals are done right, and what a real installer checklist should include so I do not make an expensive mistake? I also want to know realistic limits of these panels, when a perimeter barrier or sump system makes more sense, and the upkeep I should plan for each year.",Transactional / Local,deploy-time mistakes when storms arrive at night; corrosion in salty air near the beach; leaks under the threshold or at side jambs; improper anchoring on pavers or weak concrete,Reliable flood protection choice with verified installation details and realistic expectations
clearwater flood protection,"I live in Clearwater, FL and I am looking at flood panels for my home. My last storm pushed water toward the garage and around the doors. I keep reading stories about corrosion in salty air near the beach, leaks under the threshold or at side jambs, improper anchoring on pavers or weak concrete, and water finding paths through weep holes and wall penetrations. Can you help me figure out the right panel system for this area, how to size it for the opening, how to make sure the threshold and side seals are done right, and what a real installer checklist should include so I do not make an expensive mistake? I also want to know realistic limits of these panels, when a perimeter barrier or sump system makes more sense, and the upkeep I should plan for each year.",Local Research,corrosion in salty air near the beach; leaks under the threshold or at side jambs; improper anchoring on pavers or weak concrete; water finding paths through weep holes and wall penetrations,Reliable flood protection choice with verified installation details and realistic expectations
flood gate houston,"I live in Houston, TX and I am looking at flood panels for my home. My last storm pushed water toward the garage and around the doors. I keep reading stories about drainage or sewer backflow during cloudbursts, maintenance and storage hassles for removable panels, insurance or code limits on dry floodproofing for residences, and slab uplift or buoyancy forces in the garage. Can you help me figure out the right panel system for this area, how to size it for the opening, how to make sure the threshold and side seals are done right, and what a real installer checklist should include so I do not make an expensive mistake? I also want to know realistic limits of these panels, when a perimeter barrier or sump system makes more sense, and the upkeep I should plan for each year.",Local Research,drainage or sewer backflow during cloudbursts; maintenance and storage hassles for removable panels; insurance or code limits on dry floodproofing for residences; slab uplift or buoyancy forces in the garage,Reliable flood protection choice with verified installation details and realistic expectations
clearwater beach flood protection,"I live in Clearwater Beach, FL and I am looking at flood panels for my home. My last storm pushed water toward the garage and around the doors. I keep reading stories about drainage or sewer backflow during cloudbursts, maintenance and storage hassles for removable panels, insurance or code limits on dry floodproofing for residences, and slab uplift or buoyancy forces in the garage. Can you help me figure out the right panel system for this area, how to size it for the opening, how to make sure the threshold and side seals are done right, and what a real installer checklist should include so I do not make an expensive mistake? I also want to know realistic limits of these panels, when a perimeter barrier or sump system makes more sense, and the upkeep I should plan for each year.",Local Research,drainage or sewer backflow during cloudbursts; maintenance and storage hassles for removable panels; insurance or code limits on dry floodproofing for residences; slab uplift or buoyancy forces in the garage,Reliable flood protection choice with verified installation details and realistic expectations
sarasota flood protection,"I live in Sarasota, FL and I am looking at flood panels for my home. My last storm pushed water toward the garage and around the doors. I keep reading stories about insurance or code limits on dry floodproofing for residences, slab uplift or buoyancy forces in the garage, seal gaskets wearing out after a season, and drainage or sewer backflow during cloudbursts. Can you help me figure out the right panel system for this area, how to size it for the opening, how to make sure the threshold and side seals are done right, and what a real installer checklist should include so I do not make an expensive mistake? I also want to know realistic limits of these panels, when a perimeter barrier or sump system makes more sense, and the upkeep I should plan for each year.",Local Research,insurance or code limits on dry floodproofing for residences; slab uplift or buoyancy forces in the garage; seal gaskets wearing out after a season; drainage or sewer backflow during cloudbursts,Reliable flood protection choice with verified installation details and realistic expectations
panels jensen beach,"I live in Jensen Beach, FL and I am looking at flood panels for my home. My last storm pushed water toward the garage and around the doors. I keep reading stories about slab uplift or buoyancy forces in the garage, seal gaskets wearing out after a season, drainage or sewer backflow during cloudbursts, and maintenance and storage hassles for removable panels. Can you help me figure out the right panel system for this area, how to size it for the opening, how to make sure the threshold and side seals are done right, and what a real installer checklist should include so I do not make an expensive mistake? I also want to know realistic limits of these panels, when a perimeter barrier or sump system makes more sense, and the upkeep I should plan for each year.",Local Research,slab uplift or buoyancy forces in the garage; seal gaskets wearing out after a season; drainage or sewer backflow during cloudbursts; maintenance and storage hassles for removable panels,Reliable flood protection choice with verified installation details and realistic expectations
demountable flood barriers advantages and disadvantages,"I live and I am looking at flood panels for my home. My last storm pushed water toward the garage and around the doors. I keep reading stories about leaks under the threshold or at side jambs, improper anchoring on pavers or weak concrete, water finding paths through weep holes and wall penetrations, and deploy-time mistakes when storms arrive at night. Can you help me figure out the right panel system for this area, how to size it for the opening, how to make sure the threshold and side seals are done right, and what a real installer checklist should include so I do not make an expensive mistake? I also want to know realistic limits of these panels, when a perimeter barrier or sump system makes more sense, and the upkeep I should plan for each year.",Informational / Comparison,leaks under the threshold or at side jambs; improper anchoring on pavers or weak concrete; water finding paths through weep holes and wall penetrations; deploy-time mistakes when storms arrive at night,Reliable flood protection choice with verified installation details and realistic expectations
custom flood panels,"I live and I am looking at flood panels for my home. My last storm pushed water toward the garage and around the doors. I keep reading stories about insurance or code limits on dry floodproofing for residences, slab uplift or buoyancy forces in the garage, seal gaskets wearing out after a season, and drainage or sewer backflow during cloudbursts. Can you help me figure out the right panel system for this area, how to size it for the opening, how to make sure the threshold and side seals are done right, and what a real installer checklist should include so I do not make an expensive mistake? I also want to know realistic limits of these panels, when a perimeter barrier or sump system makes more sense, and the upkeep I should plan for each year.",Local Research,insurance or code limits on dry floodproofing for residences; slab uplift or buoyancy forces in the garage; seal gaskets wearing out after a season; drainage or sewer backflow during cloudbursts,Reliable flood protection choice with verified installation details and realistic expectations
riviera beach flood protection,"I live in Riviera Beach, FL and I am looking at flood panels for my home. My last storm pushed water toward the garage and around the doors. I keep reading stories about improper anchoring on pavers or weak concrete, water finding paths through weep holes and wall penetrations, deploy-time mistakes when storms arrive at night, and corrosion in salty air near the beach. Can you help me figure out the right panel system for this area, how to size it for the opening, how to make sure the threshold and side seals are done right, and what a real installer checklist should include so I do not make an expensive mistake? I also want to know realistic limits of these panels, when a perimeter barrier or sump system makes more sense, and the upkeep I should plan for each year.",Local Research,improper anchoring on pavers or weak concrete; water finding paths through weep holes and wall penetrations; deploy-time mistakes when storms arrive at night; corrosion in salty air near the beach,Reliable flood protection choice with verified installation details and realistic expectations
contractors install secondary water barriers sanford florida,"I live and I am looking at flood panels for my home. My last storm pushed water toward the garage and around the doors. I keep reading stories about slab uplift or buoyancy forces in the garage, seal gaskets wearing out after a season, drainage or sewer backflow during cloudbursts, and maintenance and storage hassles for removable panels. Can you help me figure out the right panel system for this area, how to size it for the opening, how to make sure the threshold and side seals are done right, and what a real installer checklist should include so I do not make an expensive mistake? I also want to know realistic limits of these panels, when a perimeter barrier or sump system makes more sense, and the upkeep I should plan for each year.",Transactional / Local,slab uplift or buoyancy forces in the garage; seal gaskets wearing out after a season; drainage or sewer backflow during cloudbursts; maintenance and storage hassles for removable panels,Reliable flood protection choice with verified installation details and realistic expectations
mitigation assistance installation near me,"I live and I am looking at flood panels for my home. My last storm pushed water toward the garage and around the doors. I keep reading stories about leaks under the threshold or at side jambs, improper anchoring on pavers or weak concrete, water finding paths through weep holes and wall penetrations, and deploy-time mistakes when storms arrive at night. Can you help me figure out the right panel system for this area, how to size it for the opening, how to make sure the threshold and side seals are done right, and what a real installer checklist should include so I do not make an expensive mistake? I also want to know realistic limits of these panels, when a perimeter barrier or sump system makes more sense, and the upkeep I should plan for each year.",Transactional / Local,leaks under the threshold or at side jambs; improper anchoring on pavers or weak concrete; water finding paths through weep holes and wall penetrations; deploy-time mistakes when storms arrive at night,Reliable flood protection choice with verified installation details and realistic expectations
custom flood barriers,"I live and I am looking at flood panels for my home. My last storm pushed water toward the garage and around the doors. I keep reading stories about drainage or sewer backflow during cloudbursts, maintenance and storage hassles for removable panels, insurance or code limits on dry floodproofing for residences, and slab uplift or buoyancy forces in the garage. Can you help me figure out the right panel system for this area, how to size it for the opening, how to make sure the threshold and side seals are done right, and what a real installer checklist should include so I do not make an expensive mistake? I also want to know realistic limits of these panels, when a perimeter barrier or sump system makes more sense, and the upkeep I should plan for each year.",Local Research,drainage or sewer backflow during cloudbursts; maintenance and storage hassles for removable panels; insurance or code limits on dry floodproofing for residences; slab uplift or buoyancy forces in the garage,Reliable flood protection choice with verified installation details and realistic expectations
fema approved flood barriers,"I live and I am looking at flood panels for my home. My last storm pushed water toward the garage and around the doors. I keep reading stories about improper anchoring on pavers or weak concrete, water finding paths through weep holes and wall penetrations, deploy-time mistakes when storms arrive at night, and corrosion in salty air near the beach. Can you help me figure out the right panel system for this area, how to size it for the opening, how to make sure the threshold and side seals are done right, and what a real installer checklist should include so I do not make an expensive mistake? I also want to know realistic limits of these panels, when a perimeter barrier or sump system makes more sense, and the upkeep I should plan for each year.",Local Research,improper anchoring on pavers or weak concrete; water finding paths through weep holes and wall penetrations; deploy-time mistakes when storms arrive at night; corrosion in salty air near the beach,Reliable flood protection choice with verified installation details and realistic expectations
flood barriers lee county fl,"I live and I am looking at flood panels for my home. My last storm pushed water toward the garage and around the doors. I keep reading stories about corrosion in salty air near the beach, leaks under the threshold or at side jambs, improper anchoring on pavers or weak concrete, and water finding paths through weep holes and wall penetrations. Can you help me figure out the right panel system for this area, how to size it for the opening, how to make sure the threshold and side seals are done right, and what a real installer checklist should include so I do not make an expensive mistake? I also want to know realistic limits of these panels, when a perimeter barrier or sump system makes more sense, and the upkeep I should plan for each year.",Local Research,corrosion in salty air near the beach; leaks under the threshold or at side jambs; improper anchoring on pavers or weak concrete; water finding paths through weep holes and wall penetrations,Reliable flood protection choice with verified installation details and realistic expectations
flood barriers charlotte county fl,"I live and I am looking at flood panels for my home. My last storm pushed water toward the garage and around the doors. I keep reading stories about slab uplift or buoyancy forces in the garage, seal gaskets wearing out after a season, drainage or sewer backflow during cloudbursts, and maintenance and storage hassles for removable panels. Can you help me figure out the right panel system for this area, how to size it for the opening, how to make sure the threshold and side seals are done right, and what a real installer checklist should include so I do not make an expensive mistake? I also want to know realistic limits of these panels, when a perimeter barrier or sump system makes more sense, and the upkeep I should plan for each year.",Local Research,slab uplift or buoyancy forces in the garage; seal gaskets wearing out after a season; drainage or sewer backflow during cloudbursts; maintenance and storage hassles for removable panels,Reliable flood protection choice with verified installation details and realistic expectations
flood mitigation experts st. petersburg,"I live and I am looking at flood panels for my home. My last storm pushed water toward the garage and around the doors. I keep reading stories about seal gaskets wearing out after a season, drainage or sewer backflow during cloudbursts, maintenance and storage hassles for removable panels, and insurance or code limits on dry floodproofing for residences. Can you help me figure out the right panel system for this area, how to size it for the opening, how to make sure the threshold and side seals are done right, and what a real installer checklist should include so I do not make an expensive mistake? I also want to know realistic limits of these panels, when a perimeter barrier or sump system makes more sense, and the upkeep I should plan for each year.",Local Research,seal gaskets wearing out after a season; drainage or sewer backflow during cloudbursts; maintenance and storage hassles for removable panels; insurance or code limits on dry floodproofing for residences,Reliable flood protection choice with verified installation details and realistic expectations
flood protection barriers clearwater fl,"I live in Clearwater, FL and I am looking at flood panels for my home. My last storm pushed water toward the garage and around the doors. I keep reading stories about seal gaskets wearing out after a season, drainage or sewer backflow during cloudbursts, maintenance and storage hassles for removable panels, and insurance or code limits on dry floodproofing for residences. Can you help me figure out the right panel system for this area, how to size it for the opening, how to make sure the threshold and side seals are done right, and what a real installer checklist should include so I do not make an expensive mistake? I also want to know realistic limits of these panels, when a perimeter barrier or sump system makes more sense, and the upkeep I should plan for each year.",Local Research,seal gaskets wearing out after a season; drainage or sewer backflow during cloudbursts; maintenance and storage hassles for removable panels; insurance or code limits on dry floodproofing for residences,Reliable flood protection choice with verified installation details and realistic expectations
flood barriers north port fl,"I live and I am looking at flood panels for my home. My last storm pushed water toward the garage and around the doors. I keep reading stories about seal gaskets wearing out after a season, drainage or sewer backflow during cloudbursts, maintenance and storage hassles for removable panels, and insurance or code limits on dry floodproofing for residences. Can you help me figure out the right panel system for this area, how to size it for the opening, how to make sure the threshold and side seals are done right, and what a real installer checklist should include so I do not make an expensive mistake? I also want to know realistic limits of these panels, when a perimeter barrier or sump system makes more sense, and the upkeep I should plan for each year.",Local Research,seal gaskets wearing out after a season; drainage or sewer backflow during cloudbursts; maintenance and storage hassles for removable panels; insurance or code limits on dry floodproofing for residences,Reliable flood protection choice with verified installation details and realistic expectations
portable vs fixed barrier systems comparison,"I live and I am looking at flood panels for my home. My last storm pushed water toward the garage and around the doors. I keep reading stories about drainage or sewer backflow during cloudbursts, maintenance and storage hassles for removable panels, insurance or code limits on dry floodproofing for residences, and slab uplift or buoyancy forces in the garage. Can you help me figure out the right panel system for this area, how to size it for the opening, how to make sure the threshold and side seals are done right, and what a real installer checklist should include so I do not make an expensive mistake? I also want to know realistic limits of these panels, when a perimeter barrier or sump system makes more sense, and the upkeep I should plan for each year.",Informational / Comparison,drainage or sewer backflow during cloudbursts; maintenance and storage hassles for removable panels; insurance or code limits on dry floodproofing for residences; slab uplift or buoyancy forces in the garage,Reliable flood protection choice with verified installation details and realistic expectations
flood barriers naples fl,"I live in Naples, FL and I am looking at flood panels for my home. My last storm pushed water toward the garage and around the doors. I keep reading stories about drainage or sewer backflow during cloudbursts, maintenance and storage hassles for removable panels, insurance or code limits on dry floodproofing for residences, and slab uplift or buoyancy forces in the garage. Can you help me figure out the right panel system for this area, how to size it for the opening, how to make sure the threshold and side seals are done right, and what a real installer checklist should include so I do not make an expensive mistake? I also want to know realistic limits of these panels, when a perimeter barrier or sump system makes more sense, and the upkeep I should plan for each year.",Local Research,drainage or sewer backflow during cloudbursts; maintenance and storage hassles for removable panels; insurance or code limits on dry floodproofing for residences; slab uplift or buoyancy forces in the garage,Reliable flood protection choice with verified installation details and realistic expectations
flood barriers near me,"I live and I am looking at flood panels for my home. My last storm pushed water toward the garage and around the doors. I keep reading stories about corrosion in salty air near the beach, leaks under the threshold or at side jambs, improper anchoring on pavers or weak concrete, and water finding paths through weep holes and wall penetrations. Can you help me figure out the right panel system for this area, how to size it for the opening, how to make sure the threshold and side seals are done right, and what a real installer checklist should include so I do not make an expensive mistake? I also want to know realistic limits of these panels, when a perimeter barrier or sump system makes more sense, and the upkeep I should plan for each year.",Local Research,corrosion in salty air near the beach; leaks under the threshold or at side jambs; improper anchoring on pavers or weak concrete; water finding paths through weep holes and wall penetrations,Reliable flood protection choice with verified installation details and realistic expectations
flood protection barriers madeira beach fl,"I live and I am looking at flood panels for my home. My last storm pushed water toward the garage and around the doors. I keep reading stories about deploy-time mistakes when storms arrive at night, corrosion in salty air near the beach, leaks under the threshold or at side jambs, and improper anchoring on pavers or weak concrete. Can you help me figure out the right panel system for this area, how to size it for the opening, how to make sure the threshold and side seals are done right, and what a real installer checklist should include so I do not make an expensive mistake? I also want to know realistic limits of these panels, when a perimeter barrier or sump system makes more sense, and the upkeep I should plan for each year.",Local Research,deploy-time mistakes when storms arrive at night; corrosion in salty air near the beach; leaks under the threshold or at side jambs; improper anchoring on pavers or weak concrete,Reliable flood protection choice with verified installation details and realistic expectations
storm flood barriers st petersburg fl,"I live and I am looking at flood panels for my home. My last storm pushed water toward the garage and around the doors. I keep reading stories about seal gaskets wearing out after a season, drainage or sewer backflow during cloudbursts, maintenance and storage hassles for removable panels, and insurance or code limits on dry floodproofing for residences. Can you help me figure out the right panel system for this area, how to size it for the opening, how to make sure the threshold and side seals are done right, and what a real installer checklist should include so I do not make an expensive mistake? I also want to know realistic limits of these panels, when a perimeter barrier or sump system makes more sense, and the upkeep I should plan for each year.",Local Research,seal gaskets wearing out after a season; drainage or sewer backflow during cloudbursts; maintenance and storage hassles for removable panels; insurance or code limits on dry floodproofing for residences,Reliable flood protection choice with verified installation details and realistic expectations
flood barriers port charlotte fl,"I live and I am looking at flood panels for my home. My last storm pushed water toward the garage and around the doors. I keep reading stories about water finding paths through weep holes and wall penetrations, deploy-time mistakes when storms arrive at night, corrosion in salty air near the beach, and leaks under the threshold or at side jambs. Can you help me figure out the right panel system for this area, how to size it for the opening, how to make sure the threshold and side seals are done right, and what a real installer checklist should include so I do not make an expensive mistake? I also want to know realistic limits of these panels, when a perimeter barrier or sump system makes more sense, and the upkeep I should plan for each year.",Local Research,water finding paths through weep holes and wall penetrations; deploy-time mistakes when storms arrive at night; corrosion in salty air near the beach; leaks under the threshold or at side jambs,Reliable flood protection choice with verified installation details and realistic expectations
flood barriers collier county fl,"I live and I am looking at flood panels for my home. My last storm pushed water toward the garage and around the doors. I keep reading stories about seal gaskets wearing out after a season, drainage or sewer backflow during cloudbursts, maintenance and storage hassles for removable panels, and insurance or code limits on dry floodproofing for residences. Can you help me figure out the right panel system for this area, how to size it for the opening, how to make sure the threshold and side seals are done right, and what a real installer checklist should include so I do not make an expensive mistake? I also want to know realistic limits of these panels, when a perimeter barrier or sump system makes more sense, and the upkeep I should plan for each year.",Local Research,seal gaskets wearing out after a season; drainage or sewer backflow during cloudbursts; maintenance and storage hassles for removable panels; insurance or code limits on dry floodproofing for residences,Reliable flood protection choice with verified installation details and realistic expectations
"""rfp"" ""-garage""","I live and I am looking at flood panels for my home. My last storm pushed water toward the garage and around the doors. I keep reading stories about deploy-time mistakes when storms arrive at night, corrosion in salty air near the beach, leaks under the threshold or at side jambs, and improper anchoring on pavers or weak concrete. Can you help me figure out the right panel system for this area, how to size it for the opening, how to make sure the threshold and side seals are done right, and what a real installer checklist should include so I do not make an expensive mistake? I also want to know realistic limits of these panels, when a perimeter barrier or sump system makes more sense, and the upkeep I should plan for each year.",Local Research,deploy-time mistakes when storms arrive at night; corrosion in salty air near the beach; leaks under the threshold or at side jambs; improper anchoring on pavers or weak concrete,Reliable flood protection choice with verified installation details and realistic expectations
flood protection services,"I live and I am looking at flood panels for my home. My last storm pushed water toward the garage and around the doors. I keep reading stories about insurance or code limits on dry floodproofing for residences, slab uplift or buoyancy forces in the garage, seal gaskets wearing out after a season, and drainage or sewer backflow during cloudbursts. Can you help me figure out the right panel system for this area, how to size it for the opening, how to make sure the threshold and side seals are done right, and what a real installer checklist should include so I do not make an expensive mistake? I also want to know realistic limits of these panels, when a perimeter barrier or sump system makes more sense, and the upkeep I should plan for each year.",Local Research,insurance or code limits on dry floodproofing for residences; slab uplift or buoyancy forces in the garage; seal gaskets wearing out after a season; drainage or sewer backflow during cloudbursts,Reliable flood protection choice with verified installation details and realistic expectations
flood gates near me,"I live and I am looking at flood panels for my home. My last storm pushed water toward the garage and around the doors. I keep reading stories about slab uplift or buoyancy forces in the garage, seal gaskets wearing out after a season, drainage or sewer backflow during cloudbursts, and maintenance and storage hassles for removable panels. Can you help me figure out the right panel system for this area, how to size it for the opening, how to make sure the threshold and side seals are done right, and what a real installer checklist should include so I do not make an expensive mistake? I also want to know realistic limits of these panels, when a perimeter barrier or sump system makes more sense, and the upkeep I should plan for each year.",Local Research,slab uplift or buoyancy forces in the garage; seal gaskets wearing out after a season; drainage or sewer backflow during cloudbursts; maintenance and storage hassles for removable panels,Reliable flood protection choice with verified installation details and realistic expectations
riviera beach storm protection,"I live in Riviera Beach, FL and I am looking at flood panels for my home. My last storm pushed water toward the garage and around the doors. I keep reading stories about leaks under the threshold or at side jambs, improper anchoring on pavers or weak concrete, water finding paths through weep holes and wall penetrations, and deploy-time mistakes when storms arrive at night. Can you help me figure out the right panel system for this area, how to size it for the opening, how to make sure the threshold and side seals are done right, and what a real installer checklist should include so I do not make an expensive mistake? I also want to know realistic limits of these panels, when a perimeter barrier or sump system makes more sense, and the upkeep I should plan for each year.",Local Research,leaks under the threshold or at side jambs; improper anchoring on pavers or weak concrete; water finding paths through weep holes and wall penetrations; deploy-time mistakes when storms arrive at night,Reliable flood protection choice with verified installation details and realistic expectations
storm proofing pointe vedra beach fl,"I live and I am looking at flood panels for my home. My last storm pushed water toward the garage and around the doors. I keep reading stories about deploy-time mistakes when storms arrive at night, corrosion in salty air near the beach, leaks under the threshold or at side jambs, and improper anchoring on pavers or weak concrete. Can you help me figure out the right panel system for this area, how to size it for the opening, how to make sure the threshold and side seals are done right, and what a real installer checklist should include so I do not make an expensive mistake? I also want to know realistic limits of these panels, when a perimeter barrier or sump system makes more sense, and the upkeep I should plan for each year.",Local Research,deploy-time mistakes when storms arrive at night; corrosion in salty air near the beach; leaks under the threshold or at side jambs; improper anchoring on pavers or weak concrete,Reliable flood protection choice with verified installation details and realistic expectations
clearwater beach storm protection,"I live in Clearwater Beach, FL and I am looking at flood panels for my home. My last storm pushed water toward the garage and around the doors. I keep reading stories about maintenance and storage hassles for removable panels, insurance or code limits on dry floodproofing for residences, slab uplift or buoyancy forces in the garage, and seal gaskets wearing out after a season. Can you help me figure out the right panel system for this area, how to size it for the opening, how to make sure the threshold and side seals are done right, and what a real installer checklist should include so I do not make an expensive mistake? I also want to know realistic limits of these panels, when a perimeter barrier or sump system makes more sense, and the upkeep I should plan for each year.",Local Research,maintenance and storage hassles for removable panels; insurance or code limits on dry floodproofing for residences; slab uplift or buoyancy forces in the garage; seal gaskets wearing out after a season,Reliable flood protection choice with verified installation details and realistic expectations
plantation light pole protection,"I live and I am looking at flood panels for my home. My last storm pushed water toward the garage and around the doors. I keep reading stories about slab uplift or buoyancy forces in the garage, seal gaskets wearing out after a season, drainage or sewer backflow during cloudbursts, and maintenance and storage hassles for removable panels. Can you help me figure out the right panel system for this area, how to size it for the opening, how to make sure the threshold and side seals are done right, and what a real installer checklist should include so I do not make an expensive mistake? I also want to know realistic limits of these panels, when a perimeter barrier or sump system makes more sense, and the upkeep I should plan for each year.",Local Research,slab uplift or buoyancy forces in the garage; seal gaskets wearing out after a season; drainage or sewer backflow during cloudbursts; maintenance and storage hassles for removable panels,Reliable flood protection choice with verified installation details and realistic expectations
doordam,"I live and I am looking at flood panels for my home. My last storm pushed water toward the garage and around the doors. I keep reading stories about insurance or code limits on dry floodproofing for residences, slab uplift or buoyancy forces in the garage, seal gaskets wearing out after a season, and drainage or sewer backflow during cloudbursts. Can you help me figure out the right panel system for this area, how to size it for the opening, how to make sure the threshold and side seals are done right, and what a real installer checklist should include so I do not make an expensive mistake? I also want to know realistic limits of these panels, when a perimeter barrier or sump system makes more sense, and the upkeep I should plan for each year.",Local Research,insurance or code limits on dry floodproofing for residences; slab uplift or buoyancy forces in the garage; seal gaskets wearing out after a season; drainage or sewer backflow during cloudbursts,Reliable flood protection choice with verified installation details and realistic expectations
storm protection palatka fl,"I live and I am looking at flood panels for my home. My last storm pushed water toward the garage and around the doors. I keep reading stories about water finding paths through weep holes and wall penetrations, deploy-time mistakes when storms arrive at night, corrosion in salty air near the beach, and leaks under the threshold or at side jambs. Can you help me figure out the right panel system for this area, how to size it for the opening, how to make sure the threshold and side seals are done right, and what a real installer checklist should include so I do not make an expensive mistake? I also want to know realistic limits of these panels, when a perimeter barrier or sump system makes more sense, and the upkeep I should plan for each year.",Local Research,water finding paths through weep holes and wall penetrations; deploy-time mistakes when storms arrive at night; corrosion in salty air near the beach; leaks under the threshold or at side jambs,Reliable flood protection choice with verified installation details and realistic expectations
storm protection fernandina beach fl,"I live and I am looking at flood panels for my home. My last storm pushed water toward the garage and around the doors. I keep reading stories about water finding paths through weep holes and wall penetrations, deploy-time mistakes when storms arrive at night, corrosion in salty air near the beach, and leaks under the threshold or at side jambs. Can you help me figure out the right panel system for this area, how to size it for the opening, how to make sure the threshold and side seals are done right, and what a real installer checklist should include so I do not make an expensive mistake? I also want to know realistic limits of these panels, when a perimeter barrier or sump system makes more sense, and the upkeep I should plan for each year.",Local Research,water finding paths through weep holes and wall penetrations; deploy-time mistakes when storms arrive at night; corrosion in salty air near the beach; leaks under the threshold or at side jambs,Reliable flood protection choice with verified installation details and realistic expectations
storm protection macclenny fl,"I live and I am looking at flood panels for my home. My last storm pushed water toward the garage and around the doors. I keep reading stories about water finding paths through weep holes and wall penetrations, deploy-time mistakes when storms arrive at night, corrosion in salty air near the beach, and leaks under the threshold or at side jambs. Can you help me figure out the right panel system for this area, how to size it for the opening, how to make sure the threshold and side seals are done right, and what a real installer checklist should include so I do not make an expensive mistake? I also want to know realistic limits of these panels, when a perimeter barrier or sump system makes more sense, and the upkeep I should plan for each year.",Local Research,water finding paths through weep holes and wall penetrations; deploy-time mistakes when storms arrive at night; corrosion in salty air near the beach; leaks under the threshold or at side jambs,Reliable flood protection choice with verified installation details and realistic expectations
flood panels for doors,"I live and I am looking at flood panels for my home. My last storm pushed water toward the garage and around the doors. I keep reading stories about deploy-time mistakes when storms arrive at night, corrosion in salty air near the beach, leaks under the threshold or at side jambs, and improper anchoring on pavers or weak concrete. Can you help me figure out the right panel system for this area, how to size it for the opening, how to make sure the threshold and side seals are done right, and what a real installer checklist should include so I do not make an expensive mistake? I also want to know realistic limits of these panels, when a perimeter barrier or sump system makes more sense, and the upkeep I should plan for each year.",Local Research,deploy-time mistakes when storms arrive at night; corrosion in salty air near the beach; leaks under the threshold or at side jambs; improper anchoring on pavers or weak concrete,Reliable flood protection choice with verified installation details and realistic expectations
protective barriers llc,"I live and I am looking at flood panels for my home. My last storm pushed water toward the garage and around the doors. I keep reading stories about improper anchoring on pavers or weak concrete, water finding paths through weep holes and wall penetrations, deploy-time mistakes when storms arrive at night, and corrosion in salty air near the beach. Can you help me figure out the right panel system for this area, how to size it for the opening, how to make sure the threshold and side seals are done right, and what a real installer checklist should include so I do not make an expensive mistake? I also want to know realistic limits of these panels, when a perimeter barrier or sump system makes more sense, and the upkeep I should plan for each year.",Local Research,improper anchoring on pavers or weak concrete; water finding paths through weep holes and wall penetrations; deploy-time mistakes when storms arrive at night; corrosion in salty air near the beach,Reliable flood protection choice with verified installation details and realistic expectations
cocoaproperty management,"I live and I am looking at flood panels for my home. My last storm pushed water toward the garage and around the doors. I keep reading stories about corrosion in salty air near the beach, leaks under the threshold or at side jambs, improper anchoring on pavers or weak concrete, and water finding paths through weep holes and wall penetrations. Can you help me figure out the right panel system for this area, how to size it for the opening, how to make sure the threshold and side seals are done right, and what a real installer checklist should include so I do not make an expensive mistake? I also want to know realistic limits of these panels, when a perimeter barrier or sump system makes more sense, and the upkeep I should plan for each year.",Local Research,corrosion in salty air near the beach; leaks under the threshold or at side jambs; improper anchoring on pavers or weak concrete; water finding paths through weep holes and wall penetrations,Reliable flood protection choice with verified installation details and realistic expectations
fema dry floodproofing requirements,"I live and I am looking at flood panels for my home. My last storm pushed water toward the garage and around the doors. I keep reading stories about slab uplift or buoyancy forces in the garage, seal gaskets wearing out after a season, drainage or sewer backflow during cloudbursts, and maintenance and storage hassles for removable panels. Can you help me figure out the right panel system for this area, how to size it for the opening, how to make sure the threshold and side seals are done right, and what a real installer checklist should include so I do not make an expensive mistake? I also want to know realistic limits of these panels, when a perimeter barrier or sump system makes more sense, and the upkeep I should plan for each year.",Local Research,slab uplift or buoyancy forces in the garage; seal gaskets wearing out after a season; drainage or sewer backflow during cloudbursts; maintenance and storage hassles for removable panels,Reliable flood protection choice with verified installation details and realistic expectations
flooded house spring hill,"I live and I am looking at flood panels for my home. My last storm pushed water toward the garage and around the doors. I keep reading stories about deploy-time mistakes when storms arrive at night, corrosion in salty air near the beach, leaks under the threshold or at side jambs, and improper anchoring on pavers or weak concrete. Can you help me figure out the right panel system for this area, how to size it for the opening, how to make sure the threshold and side seals are done right, and what a real installer checklist should include so I do not make an expensive mistake? I also want to know realistic limits of these panels, when a perimeter barrier or sump system makes more sense, and the upkeep I should plan for each year.",Local Research,deploy-time mistakes when storms arrive at night; corrosion in salty air near the beach; leaks under the threshold or at side jambs; improper anchoring on pavers or weak concrete,Reliable flood protection choice with verified installation details and realistic expectations
florida flood barriers,"I live and I am looking at flood panels for my home. My last storm pushed water toward the garage and around the doors. I keep reading stories about deploy-time mistakes when storms arrive at night, corrosion in salty air near the beach, leaks under the threshold or at side jambs, and improper anchoring on pavers or weak concrete. Can you help me figure out the right panel system for this area, how to size it for the opening, how to make sure the threshold and side seals are done right, and what a real installer checklist should include so I do not make an expensive mistake? I also want to know realistic limits of these panels, when a perimeter barrier or sump system makes more sense, and the upkeep I should plan for each year.",Local Research,deploy-time mistakes when storms arrive at night; corrosion in salty air near the beach; leaks under the threshold or at side jambs; improper anchoring on pavers or weak concrete,Reliable flood protection choice with verified installation details and realistic expectations
dry floodproofing fema,"I live and I am looking at flood panels for my home. My last storm pushed water toward the garage and around the doors. I keep reading stories about drainage or sewer backflow during cloudbursts, maintenance and storage hassles for removable panels, insurance or code limits on dry floodproofing for residences, and slab uplift or buoyancy forces in the garage. Can you help me figure out the right panel system for this area, how to size it for the opening, how to make sure the threshold and side seals are done right, and what a real installer checklist should include so I do not make an expensive mistake? I also want to know realistic limits of these panels, when a perimeter barrier or sump system makes more sense, and the upkeep I should plan for each year.",Local Research,drainage or sewer backflow during cloudbursts; maintenance and storage hassles for removable panels; insurance or code limits on dry floodproofing for residences; slab uplift or buoyancy forces in the garage,Reliable flood protection choice with verified installation details and realistic expectations
flood barrier near me,"I live and I am looking at flood panels for my home. My last storm pushed water toward the garage and around the doors. I keep reading stories about corrosion in salty air near the beach, leaks under the threshold or at side jambs, improper anchoring on pavers or weak concrete, and water finding paths through weep holes and wall penetrations. Can you help me figure out the right panel system for this area, how to size it for the opening, how to make sure the threshold and side seals are done right, and what a real installer checklist should include so I do not make an expensive mistake? I also want to know realistic limits of these panels, when a perimeter barrier or sump system makes more sense, and the upkeep I should plan for each year.",Local Research,corrosion in salty air near the beach; leaks under the threshold or at side jambs; improper anchoring on pavers or weak concrete; water finding paths through weep holes and wall penetrations,Reliable flood protection choice with verified installation details and realistic expectations
flood insurance quotes estero,"I live in Estero, FL and I am looking at flood panels for my home. My last storm pushed water toward the garage and around the doors. I keep reading stories about slab uplift or buoyancy forces in the garage, seal gaskets wearing out after a season, drainage or sewer backflow during cloudbursts, and maintenance and storage hassles for removable panels. Can you help me figure out the right panel system for this area, how to size it for the opening, how to make sure the threshold and side seals are done right, and what a real installer checklist should include so I do not make an expensive mistake? I also want to know realistic limits of these panels, when a perimeter barrier or sump system makes more sense, and the upkeep I should plan for each year.",Transactional / Local,slab uplift or buoyancy forces in the garage; seal gaskets wearing out after a season; drainage or sewer backflow during cloudbursts; maintenance and storage hassles for removable panels,Reliable flood protection choice with verified installation details and realistic expectations
home flood prevention near me,"I live and I am looking at flood panels for my home. My last storm pushed water toward the garage and around the doors. I keep reading stories about water finding paths through weep holes and wall penetrations, deploy-time mistakes when storms arrive at night, corrosion in salty air near the beach, and leaks under the threshold or at side jambs. Can you help me figure out the right panel system for this area, how to size it for the opening, how to make sure the threshold and side seals are done right, and what a real installer checklist should include so I do not make an expensive mistake? I also want to know realistic limits of these panels, when a perimeter barrier or sump system makes more sense, and the upkeep I should plan for each year.",Local Research,water finding paths through weep holes and wall penetrations; deploy-time mistakes when storms arrive at night; corrosion in salty air near the beach; leaks under the threshold or at side jambs,Reliable flood protection choice with verified installation details and realistic expectations
floodwater pros,"I live and I am looking at flood panels for my home. My last storm pushed water toward the garage and around the doors. I keep reading stories about insurance or code limits on dry floodproofing for residences, slab uplift or buoyancy forces in the garage, seal gaskets wearing out after a season, and drainage or sewer backflow during cloudbursts. Can you help me figure out the right panel system for this area, how to size it for the opening, how to make sure the threshold and side seals are done right, and what a real installer checklist should include so I do not make an expensive mistake? I also want to know realistic limits of these panels, when a perimeter barrier or sump system makes more sense, and the upkeep I should plan for each year.",Local Research,insurance or code limits on dry floodproofing for residences; slab uplift or buoyancy forces in the garage; seal gaskets wearing out after a season; drainage or sewer backflow during cloudbursts,Reliable flood protection choice with verified installation details and realistic expectations
flood doors near me,"I live and I am looking at flood panels for my home. My last storm pushed water toward the garage and around the doors. I keep reading stories about insurance or code limits on dry floodproofing for residences, slab uplift or buoyancy forces in the garage, seal gaskets wearing out after a season, and drainage or sewer backflow during cloudbursts. Can you help me figure out the right panel system for this area, how to size it for the opening, how to make sure the threshold and side seals are done right, and what a real installer checklist should include so I do not make an expensive mistake? I also want to know realistic limits of these panels, when a perimeter barrier or sump system makes more sense, and the upkeep I should plan for each year.",Local Research,insurance or code limits on dry floodproofing for residences; slab uplift or buoyancy forces in the garage; seal gaskets wearing out after a season; drainage or sewer backflow during cloudbursts,Reliable flood protection choice with verified installation details and realistic expectations
